﻿Designator,Footprint,Quantity,Value,LCSC Part #
"C1, C14, C15, C17, C18, C19, C2, C20, C21, C22, C23, C24, C3, C33, C35, C37, C39, C4, C43, C5, C6, C7, C8",0603,23,100n,
"C10, C11, C12, C13",1206,4,10u,
"C25, C26, C27, C28, C29, C30, C31, C32, C34, C36, C38, C40",0603,12,4.7n,
C9,CP_Radial_D6.3mm_P2.50mm,1,10u,
"D1, D10, D11, D12, D13, D14, D15, D17, D18, D19, D2, D20, D3, D4, D5, D6, D7, D8, D9",0603,19,LED,
J1,PinHeader_1x03_P2.54mm_Vertical,1,Conn_01x03,
"J3, J7",PinHeader_1x02_P2.54mm_Vertical,2,Conn_01x02,
J4,SOICbite_clipProgSmall,1,Conn_01x08,
"J5, J6",TerminalBlock_bornier-2_P5.08mm,2,Screw_Terminal_01x02,
"M1, M2, M3, M4, M5, M6, M7, M8",MicroStepper_4.7_OD,8,Stepper_Motor_bipolar,
"M10, M11, M12, M9",DC_Motor_6mm_OD_with_3_Stage_Gearbox,4,Motor_DC_With_MP,
"R1, R12, R16, R17, R18, R2, R22, R26, R3, R30, R34, R38, R39, R4, R40, R41, R43, R8",0603,18,5k1,
"R10, R11, R14, R15, R20, R21, R24, R25, R28, R29, R32, R33, R36, R37, R6, R7",0603,16,330m,
"R13, R19, R23, R27, R31, R35, R5, R9",0603,8,2k1,
"SW1, SW2",PushButtonSMD_2.93x3.9,2,SW_Push,
"U1, U2, U4, U5, U6, U7, U8, U9",TSSOP-16_4.4x5mm_P0.65mm,8,DRV8847SPWR,
"U10, U11, U12, U13",SOT-23-6,4,AD116,
"U14, U15",SOP-16_3.9x9.9mm_P1.27mm,2,74HC595,
"U17, U18, U19, U20, U21, U22, U23, U24, U25, U26, U27, U28",SOT-23-Hall,12,MT910xET,
U3,RP2040 Zero,1,RP2040-Zero,
U30,SOIC-24W_7.5x15.4mm_P1.27mm,1,CD74HC4067M,
